{"count":1,"self":2716.8172031999998,"total":13768.555231,"children":{"InitializeActuators":{"count":50,"self":0.0038169999999999996,"total":0.0038169999999999996,"children":null},"InitializeSensors":{"count":50,"self":0.002143,"total":0.002143,"children":null},"AgentSendState":{"count":1916917,"self":564.08319999999992,"total":1586.525618,"children":{"CollectObservations":{"count":19170100,"self":141.3364608,"total":141.33646299999998,"children":null},"CollectDiscreteActionMasks":{"count":19170100,"self":112.47087359999999,"total":112.47087599999999,"children":null},"RequestDecision":{"count":19170100,"self":338.8528384,"total":768.635096,"children":{"AgentInfo.ToProto":{"count":19170100,"self":245.787648,"total":429.78225,"children":{"GenerateSensorData":{"count":19170100,"self":183.9945984,"total":183.994602,"children":null}}}}}}},"DecideAction":{"count":1916917,"self":9398.1433856,"total":9398.143664,"children":null},"AgentAct":{"count":1916917,"self":56.7698624,"total":56.778991999999995,"children":{"AgentInfo.ToProto":{"count":314,"self":0.0048309999999999994,"total":0.009131,"children":{"GenerateSensorData":{"count":314,"self":0.0043,"total":0.0043,"children":null}}}}},"AgentInfo.ToProto":{"count":328604,"self":5.6767432,"total":10.281654999999999,"children":{"GenerateSensorData":{"count":328604,"self":4.604912,"total":4.604912,"children":null}}}},"gauges":{"CubeSoccer.CumulativeReward":{"count":328918,"max":14.7247009,"min":-1.44995427,"runningAverage":0.292588055,"value":0.257999659,"weightedAverage":0.418068767}},"metadata":{"timer_format_version":"0.1.0","start_time_seconds":"1621584894","unity_version":"2019.4.9f1","command_line_arguments":"\/Applications\/Unity\/Hub\/Editor\/2019.4.9f1\/Unity.app\/Contents\/MacOS\/Unity -projectpath \/Users\/AnnaLin\/MachineLearningGame -useHub -hubIPC -cloudEnvironment production -hubSessionId d7228020-b8a1-11eb-93d8-4132b64c81b0 -accessToken gMPWA5erXw6LlPatuf8Va11GPwFjlMAPXWTiora50-A002f","communication_protocol_version":"1.2.0","com.unity.ml-agents_version":"1.6.0-preview","scene_name":"POC","end_time_seconds":"1621598662"}}