{"count":1,"self":498.87001599999996,"total":1006.248485,"children":{"InitializeActuators":{"count":2,"self":0.0029289999999999997,"total":0.0029289999999999997,"children":null},"InitializeSensors":{"count":2,"self":0.00149,"total":0.00149,"children":null},"AgentSendState":{"count":255717,"self":8.6795904,"total":18.568808,"children":{"CollectObservations":{"count":102288,"self":1.3603939999999999,"total":1.3603939999999999,"children":null},"CollectDiscreteActionMasks":{"count":102288,"self":0.93415399999999993,"total":0.93415399999999993,"children":null},"RequestDecision":{"count":102288,"self":2.7819,"total":7.59467,"children":{"AgentInfo.ToProto":{"count":102288,"self":2.099058,"total":4.8127699999999995,"children":{"GenerateSensorData":{"count":102288,"self":2.7137119999999997,"total":2.7137119999999997,"children":null}}}}}}},"DecideAction":{"count":255717,"self":485.46426879999996,"total":485.46428199999997,"children":null},"AgentAct":{"count":255717,"self":3.330681,"total":3.339099,"children":{"AgentInfo.ToProto":{"count":170,"self":0.0037589999999999998,"total":0.008418,"children":{"GenerateSensorData":{"count":170,"self":0.004659,"total":0.004659,"children":null}}}}}},"gauges":{"PlaySoccer.CumulativeReward":{"count":170,"max":-0.9999696,"min":-0.9999696,"runningAverage":-0.9999696,"value":-0.9999696,"weightedAverage":-0.9999696}},"metadata":{"timer_format_version":"0.1.0","start_time_seconds":"1620508455","unity_version":"2019.4.9f1","command_line_arguments":"\/Applications\/Unity\/Hub\/Editor\/2019.4.9f1\/Unity.app\/Contents\/MacOS\/Unity -projectpath \/Users\/samuel990705\/MachineLearningGame -useHub -hubIPC -cloudEnvironment production -hubSessionId 69feacb0-9fe4-11eb-aaf9-0b7be55b4809 -accessToken FSZP7aZhqFUAiiGA6aXJKMIB_V0Ie0PrZW7vzToiJ00002f","communication_protocol_version":"1.2.0","com.unity.ml-agents_version":"1.6.0-preview","scene_name":"SampleScene","end_time_seconds":"1620509461"}}