{"count":1,"self":77.618566399999992,"total":78.251166,"children":{"InitializeActuators":{"count":2,"self":0.0036509999999999997,"total":0.0036509999999999997,"children":null},"InitializeSensors":{"count":2,"self":0.0012289999999999998,"total":0.0012289999999999998,"children":null},"AgentSendState":{"count":3871,"self":0.17246799999999998,"total":0.24225,"children":{"CollectObservations":{"count":1550,"self":0.029685999999999997,"total":0.029685999999999997,"children":null},"CollectDiscreteActionMasks":{"count":1550,"self":0.016968,"total":0.016968,"children":null},"RequestDecision":{"count":1550,"self":0.023128,"total":0.023128,"children":null}}},"DecideAction":{"count":3871,"self":0.312951,"total":0.312951,"children":null},"AgentAct":{"count":3871,"self":0.06981699999999999,"total":0.06981699999999999,"children":null}},"gauges":{"PlaySoccer.CumulativeReward":{"count":2,"max":-1.0992862,"min":-1.19928622,"runningAverage":-1.14928627,"value":-1.19928622,"weightedAverage":-1.12428617}},"metadata":{"timer_format_version":"0.1.0","start_time_seconds":"1621506201","unity_version":"2019.4.9f1","command_line_arguments":"\/Applications\/Unity\/Hub\/Editor\/2019.4.9f1\/Unity.app\/Contents\/MacOS\/Unity -projectpath \/Users\/AnnaLin\/MachineLearningGame -useHub -hubIPC -cloudEnvironment production -hubSessionId d7228020-b8a1-11eb-93d8-4132b64c81b0 -accessToken gMPWA5erXw6LlPatuf8Va11GPwFjlMAPXWTiora50-A002f","communication_protocol_version":"1.2.0","com.unity.ml-agents_version":"1.6.0-preview","scene_name":"SampleScene","end_time_seconds":"1621506279"}}