{
    "name": "root",
    "metadata": {
        "timer_format_version": "0.1.0",
        "start_time_seconds": "1620523469",
        "python_version": "3.8.5 (default, Sep  4 2020, 02:22:02) \n[Clang 10.0.0 ]",
        "command_line_arguments": "/Users/samuel990705/MachineLearningGame/venv/bin/mlagents-learn --force",
        "mlagents_version": "0.26.0",
        "mlagents_envs_version": "0.26.0",
        "communication_protocol_version": "1.5.0",
        "pytorch_version": "1.8.1",
        "numpy_version": "1.20.2",
        "end_time_seconds": "1620523504"
    },
    "total": 34.898395613000005,
    "count": 1,
    "self": 0.005137574000002587,
    "children": {
        "run_training.setup": {
            "total": 0.05426978699999996,
            "count": 1,
            "self": 0.05426978699999996
        },
        "TrainerController.start_learning": {
            "total": 34.838988252,
            "count": 1,
            "self": 0.032053688000097225,
            "children": {
                "TrainerController._reset_env": {
                    "total": 7.641879788000001,
                    "count": 1,
                    "self": 7.641879788000001
                },
                "TrainerController.advance": {
                    "total": 26.925215986999902,
                    "count": 1604,
                    "self": 0.03608626799984549,
                    "children": {
                        "env_step": {
                            "total": 26.659061816000012,
                            "count": 1604,
                            "self": 22.469592287000122,
                            "children": {
                                "SubprocessEnvManager._take_step": {
                                    "total": 4.168141439000028,
                                    "count": 1604,
                                    "self": 0.1719814270000164,
                                    "children": {
                                        "TorchPolicy.evaluate": {
                                            "total": 3.9961600120000114,
                                            "count": 3208,
                                            "self": 0.7921169309999101,
                                            "children": {
                                                "TorchPolicy.sample_actions": {
                                                    "total": 3.2040430810001013,
                                                    "count": 3208,
                                                    "self": 3.2040430810001013
                                                }
                                            }
                                        }
                                    }
                                },
                                "workers": {
                                    "total": 0.021328089999862243,
                                    "count": 1603,
                                    "self": 0.0,
                                    "children": {
                                        "worker_root": {
                                            "total": 26.871488399000043,
                                            "count": 1603,
                                            "is_parallel": true,
                                            "self": 6.359653116000079,
                                            "children": {
                                                "steps_from_proto": {
                                                    "total": 0.0005236240000003889,
                                                    "count": 2,
                                                    "is_parallel": true,
                                                    "self": 0.00034208300000049263,
                                                    "children": {
                                                        "_process_rank_one_or_two_observation": {
                                                            "total": 0.00018154099999989626,
                                                            "count": 4,
                                                            "is_parallel": true,
                                                            "self": 0.00018154099999989626
                                                        }
                                                    }
                                                },
                                                "UnityEnvironment.step": {
                                                    "total": 20.511311658999965,
                                                    "count": 1603,
                                                    "is_parallel": true,
                                                    "self": 0.20055974000006316,
                                                    "children": {
                                                        "UnityEnvironment._generate_step_input": {
                                                            "total": 0.15472398799992426,
                                                            "count": 1603,
                                                            "is_parallel": true,
                                                            "self": 0.15472398799992426
                                                        },
                                                        "communicator.exchange": {
                                                            "total": 19.20258713799991,
                                                            "count": 1603,
                                                            "is_parallel": true,
                                                            "self": 19.20258713799991
                                                        },
                                                        "steps_from_proto": {
                                                            "total": 0.9534407930000652,
                                                            "count": 3206,
                                                            "is_parallel": true,
                                                            "self": 0.655028033000173,
                                                            "children": {
                                                                "_process_rank_one_or_two_observation": {
                                                                    "total": 0.29841275999989225,
                                                                    "count": 6412,
                                                                    "is_parallel": true,
                                                                    "self": 0.29841275999989225
                                                                }
                                                            }
                                                        }
                                                    }
                                                }
                                            }
                                        }
                                    }
                                }
                            }
                        },
                        "trainer_advance": {
                            "total": 0.23006790300004454,
                            "count": 1603,
                            "self": 0.03915984700020303,
                            "children": {
                                "process_trajectory": {
                                    "total": 0.1909080559998415,
                                    "count": 1603,
                                    "self": 0.1909080559998415
                                }
                            }
                        }
                    }
                },