{
    "name": "root",
    "gauges": {
        "CubeSoccer.Policy.Entropy.mean": {
            "value": 0.6122520565986633,
            "min": 0.5516660213470459,
            "max": 1.8471693992614746,
            "count": 951
        },
        "CubeSoccer.Environment.EpisodeLength.mean": {
            "value": 61.773809523809526,
            "min": 21.397321428571427,
            "max": 107.69565217391305,
            "count": 951
        },
        "CubeSoccer.Self-play.ELO.mean": {
            "value": -7639.602960818228,
            "min": -7639.602960818228,
            "max": 1130.7557232821193,
            "count": 951
        },
        "CubeSoccer.Policy.ExtrinsicValueEstimate.mean": {
            "value": 0.4016519784927368,
            "min": -0.13503997027873993,
            "max": 3.776611328125,
            "count": 951
        },
        "CubeSoccer.Environment.CumulativeReward.mean": {
            "value": 0.6943912184894822,
            "min": -0.13743464068929648,
            "max": 0.8738656267668157,
            "count": 951
        },
        "CubeSoccer.Policy.ExtrinsicReward.mean": {
            "value": 0.6943912184894822,
            "min": -0.13743464068929648,
            "max": 0.8738656267668157,
            "count": 951
        },
        "CubeSoccer.IsTraining.mean": {
            "value": 1.0,
            "min": 1.0,
            "max": 1.0,
            "count": 951
        },
        "CubeSoccer.Losses.PolicyLoss.mean": {
            "value": 0.019601138184467952,
            "min": 0.01011374657973647,
            "max": 0.025069632629553477,
            "count": 463
        },
        "CubeSoccer.Losses.ValueLoss.mean": {
            "value": 0.07816501334309578,
            "min": 0.02895300028224786,
            "max": 13.577097384134929,
            "count": 463
        },
        "CubeSoccer.Policy.LearningRate.mean": {
            "value": 0.0003,
            "min": 0.0003,
            "max": 0.0003,
            "count": 463
        },
        "CubeSoccer.Policy.Epsilon.mean": {
            "value": 0.20000000000000007,
            "min": 0.20000000000000007,
            "max": 0.20000000000000007,
            "count": 463
        },
        "CubeSoccer.Policy.Beta.mean": {
            "value": 0.005000000000000001,
            "min": 0.005000000000000001,
            "max": 0.005000000000000001,
            "count": 463
        }
    },
    "metadata": {
        "timer_format_version": "0.1.0",
        "start_time_seconds": "1621584883",
        "python_version": "3.7.10 (default, May 16 2021, 00:19:22) \n[Clang 10.0.1 (clang-1001.0.46.4)]",
        "command_line_arguments": "/Users/AnnaLin/MachineLearningGame/venv/bin/mlagents-learn results/ppo/CubeSoccer.yaml --force",
        "mlagents_version": "0.22.0",
        "mlagents_envs_version": "0.22.0",
        "communication_protocol_version": "1.2.0",
        "pytorch_version": "1.7.1",
        "numpy_version": "1.18.5",
        "end_time_seconds": "1621598662"
    },
    "total": 13778.765179884,
    "count": 1,
    "self": 0.010240857000098913,
    "children": {
        "run_training.setup": {
            "total": 0.007550060000000025,
            "count": 1,
            "self": 0.007550060000000025
        },
        "TrainerController.start_learning": {
            "total": 13778.747388967,
            "count": 1,
            "self": 18.05926718039518,
            "children": {
                "TrainerController._reset_env": {
                    "total": 15.723928981002244,
                    "count": 48,
                    "self": 15.723928981002244
                },
                "TrainerController.advance": {
                    "total": 13744.851022698604,
                    "count": 509152,
                    "self": 17.999541290071647,
                    "children": {
                        "env_step": {
                            "total": 10527.032934983205,
                            "count": 509152,
                            "self": 8684.46975657871,
                            "children": {
                                "SubprocessEnvManager._take_step": {
                                    "total": 1833.4071585938273,
                                    "count": 509152,
                                    "self": 77.72455878595497,
                                    "children": {
                                        "TorchPolicy.evaluate": {
                                            "total": 1755.6825998078723,
                                            "count": 766778,
                                            "self": 163.9791126312141,
                                            "children": {
                                                "TorchPolicy.sample_actions": {
                                                    "total": 1591.7034871766582,
                                                    "count": 766778,
                                                    "self": 1591.7034871766582
                                                }
                                            }
                                        }
                                    }
                                },
                                "workers": {
                                    "total": 9.15601981066758,
                                    "count": 509151,
                                    "self": 0.0,
                                    "children": {
                                        "worker_root": {
                                            "total": 13753.900813605862,
                                            "count": 509151,
                                            "is_parallel": true,
                                            "self": 6205.845414463843,
                                            "children": {
                                                "run_training.setup": {
                                                    "total": 0.0,
                                                    "count": 0,
                                                    "is_parallel": true,
                                                    "self": 0.0,
                                                    "children": {
                                                        "steps_from_proto": {
                                                            "total": 0.005386064999999718,
                                                            "count": 2,
                                                            "is_parallel": true,
                                                            "self": 0.0022775250000002245,
                                                            "children": {
                                                                "_process_vector_observation": {
                                                                    "total": 0.0031085399999994934,
                                                                    "count": 4,
                                                                    "is_parallel": true,
                                                                    "self": 0.0031085399999994934
                                                                }
                                                            }
                                                        },
                                                        "UnityEnvironment.step": {
                                                            "total": 0.3545471200000012,
                                                            "count": 1,
                                                            "is_parallel": true,
                                                            "self": 0.0003628510000002194,