{
    "name": "root",
    "metadata": {
        "timer_format_version": "0.1.0",
        "start_time_seconds": "1620527551",
        "python_version": "3.8.5 (default, Sep  4 2020, 02:22:02) \n[Clang 10.0.0 ]",
        "command_line_arguments": "/Users/samuel990705/MachineLearningGame/venv/bin/mlagents-learn --force",
        "mlagents_version": "0.26.0",
        "mlagents_envs_version": "0.26.0",
        "communication_protocol_version": "1.5.0",
        "pytorch_version": "1.8.1",
        "numpy_version": "1.20.2",
        "end_time_seconds": "1620527560"
    },
    "total": 8.425933376,
    "count": 1,
    "self": 0.00864683200000016,
    "children": {
        "run_training.setup": {
            "total": 0.048100279999999884,
            "count": 1,
            "self": 0.048100279999999884
        },
        "TrainerController.start_learning": {
            "total": 8.369186264,
            "count": 1,
            "self": 0.0013219880000026052,
            "children": {
                "TrainerController._reset_env": {
                    "total": 6.443123508000001,
                    "count": 1,
                    "self": 6.443123508000001
                },
                "TrainerController.advance": {
                    "total": 1.7656999829999958,
                    "count": 64,
                    "self": 0.0012375579999854835,
                    "children": {
                        "env_step": {
                            "total": 1.7137739470000053,
                            "count": 64,
                            "self": 1.536980805000006,
                            "children": {
                                "SubprocessEnvManager._take_step": {
                                    "total": 0.17608904799999614,
                                    "count": 64,
                                    "self": 0.0066772989999908106,
                                    "children": {
                                        "TorchPolicy.evaluate": {
                                            "total": 0.16941174900000533,
                                            "count": 128,
                                            "self": 0.03045681400001321,
                                            "children": {
                                                "TorchPolicy.sample_actions": {
                                                    "total": 0.13895493499999212,
                                                    "count": 128,
                                                    "self": 0.13895493499999212
                                                }
                                            }
                                        }
                                    }
                                },
                                "workers": {
                                    "total": 0.0007040940000031526,
                                    "count": 64,
                                    "self": 0.0,
                                    "children": {
                                        "worker_root": {
                                            "total": 1.7395107240000023,
                                            "count": 64,
                                            "is_parallel": true,
                                            "self": 0.26917522100000113,
                                            "children": {
                                                "steps_from_proto": {
                                                    "total": 0.005912674000000173,
                                                    "count": 2,
                                                    "is_parallel": true,
                                                    "self": 0.0018979909999998767,
                                                    "children": {
                                                        "_process_rank_one_or_two_observation": {
                                                            "total": 0.004014683000000296,
                                                            "count": 4,
                                                            "is_parallel": true,
                                                            "self": 0.004014683000000296
                                                        }
                                                    }
                                                },
                                                "UnityEnvironment.step": {
                                                    "total": 1.464422829000001,
                                                    "count": 64,
                                                    "is_parallel": true,
                                                    "self": 0.00737479099999927,
                                                    "children": {
                                                        "UnityEnvironment._generate_step_input": {
                                                            "total": 0.005909878999995399,
                                                            "count": 64,
                                                            "is_parallel": true,
                                                            "self": 0.005909878999995399
                                                        },
                                                        "communicator.exchange": {
                                                            "total": 1.4153092179999938,
                                                            "count": 64,
                                                            "is_parallel": true,
                                                            "self": 1.4153092179999938
                                                        },
                                                        "steps_from_proto": {
                                                            "total": 0.03582894100001255,
                                                            "count": 128,
                                                            "is_parallel": true,
                                                            "self": 0.02370399900001452,
                                                            "children": {
                                                                "_process_rank_one_or_two_observation": {
                                                                    "total": 0.012124941999998029,
                                                                    "count": 256,
                                                                    "is_parallel": true,
                                                                    "self": 0.012124941999998029
                                                                }
                                                            }
                                                        }
                                                    }
                                                }
                                            }
                                        }
                                    }
                                }
                            }
                        },
                        "trainer_advance": {
                            "total": 0.05068847800000498,
                            "count": 64,
                            "self": 0.0012832540000111692,
                            "children": {
                                "process_trajectory": {
                                    "total": 0.04940522399999381,
                                    "count": 64,
                                    "self": 0.04940522399999381
                                }
                            }
                        }
                    }
                },