{
    "name": "root",
    "gauges": {
        "CubeSoccer.Policy.Entropy.mean": {
            "value": 0.6709958910942078,
            "min": 0.6709958910942078,
            "max": 1.5321238040924072,
            "count": 42
        },
        "CubeSoccer.Environment.EpisodeLength.mean": {
            "value": 599.0,
            "min": 599.0,
            "max": 599.0,
            "count": 42
        },
        "CubeSoccer.Self-play.ELO.mean": {
            "value": 1019.1119209058746,
            "min": 1019.1119209058746,
            "max": 1193.6471505563657,
            "count": 42
        },
        "CubeSoccer.Policy.ExtrinsicValueEstimate.mean": {
            "value": -0.6124600172042847,
            "min": -1.7892342805862427,
            "max": 4.078967094421387,
            "count": 63
        },
        "CubeSoccer.Environment.CumulativeReward.mean": {
            "value": -1.0000001192092896,
            "min": -1.3046875,
            "max": -0.9812501184642315,
            "count": 63
        },
        "CubeSoccer.Policy.ExtrinsicReward.mean": {
            "value": -1.0000001192092896,
            "min": -1.3046875,
            "max": -0.9812501184642315,
            "count": 63
        },
        "CubeSoccer.IsTraining.mean": {
            "value": 1.0,
            "min": 1.0,
            "max": 1.0,
            "count": 63
        },
        "CubeSoccer.Losses.PolicyLoss.mean": {
            "value": 0.01539416704326868,
            "min": 0.012950323915685572,
            "max": 0.018887355674191246,
            "count": 20
        },
        "CubeSoccer.Losses.ValueLoss.mean": {
            "value": 0.13558518194726535,
            "min": 0.030715216971224264,
            "max": 5.668618781226022,
            "count": 20
        },
        "CubeSoccer.Policy.LearningRate.mean": {
            "value": 0.0003,
            "min": 0.0003,
            "max": 0.0003,
            "count": 20
        },
        "CubeSoccer.Policy.Epsilon.mean": {
            "value": 0.19999999999999996,
            "min": 0.19999999999999996,
            "max": 0.19999999999999996,
            "count": 20
        },
        "CubeSoccer.Policy.Beta.mean": {
            "value": 0.005,
            "min": 0.005,
            "max": 0.005,
            "count": 20
        }
    },
    "metadata": {
        "timer_format_version": "0.1.0",
        "start_time_seconds": "1621562975",
        "python_version": "3.7.10 (default, May 16 2021, 00:19:22) \n[Clang 10.0.1 (clang-1001.0.46.4)]",
        "command_line_arguments": "/Users/AnnaLin/MachineLearningGame/venv/bin/mlagents-learn results/ppo/CubeSoccer.yaml --force",
        "mlagents_version": "0.22.0",
        "mlagents_envs_version": "0.22.0",
        "communication_protocol_version": "1.2.0",
        "pytorch_version": "1.7.1",
        "numpy_version": "1.18.5",
        "end_time_seconds": "1621563990"
    },
    "total": 1014.533724139,
    "count": 1,
    "self": 0.012345247000098425,
    "children": {
        "run_training.setup": {
            "total": 0.01145005500000007,
            "count": 1,
            "self": 0.01145005500000007
        },
        "TrainerController.start_learning": {
            "total": 1014.509928837,
            "count": 1,
            "self": 0.7332441759970152,
            "children": {
                "TrainerController._reset_env": {
                    "total": 11.017226916999924,
                    "count": 4,
                    "self": 11.017226916999924
                },
                "TrainerController.advance": {
                    "total": 1002.6381984500031,
                    "count": 25390,
                    "self": 0.7834393799929558,
                    "children": {
                        "env_step": {
                            "total": 792.7968328330034,
                            "count": 25390,
                            "self": 684.8680327060198,
                            "children": {
                                "SubprocessEnvManager._take_step": {
                                    "total": 107.53790279099351,
                                    "count": 25390,
                                    "self": 4.189418770992106,
                                    "children": {
                                        "TorchPolicy.evaluate": {
                                            "total": 103.34848402000141,
                                            "count": 50780,
                                            "self": 8.844804813004828,
                                            "children": {
                                                "TorchPolicy.sample_actions": {
                                                    "total": 94.50367920699658,
                                                    "count": 50780,
                                                    "self": 94.50367920699658
                                                }
                                            }
                                        }
                                    }
                                },
                                "workers": {
                                    "total": 0.39089733599004717,
                                    "count": 25389,
                                    "self": 0.0,
                                    "children": {
                                        "worker_root": {
                                            "total": 1013.2352469110068,
                                            "count": 25389,
                                            "is_parallel": true,
                                            "self": 386.8923337640059,
                                            "children": {
                                                "run_training.setup": {
                                                    "total": 0.0,
                                                    "count": 0,
                                                    "is_parallel": true,
                                                    "self": 0.0,
                                                    "children": {
                                                        "steps_from_proto": {
                                                            "total": 0.0057853199999993166,
                                                            "count": 2,
                                                            "is_parallel": true,
                                                            "self": 0.0024540639999983682,
                                                            "children": {
                                                                "_process_vector_observation": {
                                                                    "total": 0.0033312560000009483,
                                                                    "count": 4,
                                                                    "is_parallel": true,
                                                                    "self": 0.0033312560000009483
                                                                }
                                                            }
                                                        },
                                                        "UnityEnvironment.step": {
                                                            "total": 0.17690262300000015,
                                                            "count": 1,
                                                            "is_parallel": true,
                                                            "self": 0.00035636100000147053,
                                                            "children": {
                                                                "UnityEnvironment._generate_step_input": {
                                                                    "total": 0.0008917699999990703,