{
    "name": "root",
    "metadata": {
        "timer_format_version": "0.1.0",
        "start_time_seconds": "1621441516",
        "python_version": "3.7.10 (default, May 16 2021, 00:19:22) \n[Clang 10.0.1 (clang-1001.0.46.4)]",
        "command_line_arguments": "/Users/AnnaLin/MachineLearningGame/venv/bin/mlagents-learn results/ppo/PlaySoccer.yaml --force",
        "mlagents_version": "0.22.0",
        "mlagents_envs_version": "0.22.0",
        "communication_protocol_version": "1.2.0",
        "pytorch_version": "1.7.1",
        "numpy_version": "1.18.5",
        "end_time_seconds": "1621441661"
    },
    "total": 144.65009366,
    "count": 1,
    "self": 0.009507466000030718,
    "children": {
        "run_training.setup": {
            "total": 0.011101226000000075,
            "count": 1,
            "self": 0.011101226000000075
        },
        "TrainerController.start_learning": {
            "total": 144.62948496799999,
            "count": 1,
            "self": 0.21346783199990682,
            "children": {
                "TrainerController._reset_env": {
                    "total": 5.548708477,
                    "count": 1,
                    "self": 5.548708477
                },
                "TrainerController.advance": {
                    "total": 138.6576895930001,
                    "count": 6420,
                    "self": 0.20418962799988094,
                    "children": {
                        "env_step": {
                            "total": 131.0470175009997,
                            "count": 6420,
                            "self": 108.77785733699962,
                            "children": {
                                "SubprocessEnvManager._take_step": {
                                    "total": 22.173161183000403,
                                    "count": 6420,
                                    "self": 0.79201756499927,
                                    "children": {
                                        "TorchPolicy.evaluate": {
                                            "total": 21.381143618001133,
                                            "count": 12802,
                                            "self": 2.1534173419999405,
                                            "children": {
                                                "TorchPolicy.sample_actions": {
                                                    "total": 19.227726276001192,
                                                    "count": 12802,
                                                    "self": 19.227726276001192
                                                }
                                            }
                                        }
                                    }
                                },
                                "workers": {
                                    "total": 0.09599898099966264,
                                    "count": 6419,
                                    "self": 0.0,
                                    "children": {
                                        "worker_root": {
                                            "total": 144.08774528199993,
                                            "count": 6419,
                                            "is_parallel": true,
                                            "self": 42.951963678000425,
                                            "children": {
                                                "run_training.setup": {
                                                    "total": 0.0,
                                                    "count": 0,
                                                    "is_parallel": true,
                                                    "self": 0.0,
                                                    "children": {
                                                        "steps_from_proto": {
                                                            "total": 0.005295449000000119,
                                                            "count": 2,
                                                            "is_parallel": true,
                                                            "self": 0.002407685000000548,
                                                            "children": {
                                                                "_process_vector_observation": {
                                                                    "total": 0.002887763999999571,
                                                                    "count": 4,
                                                                    "is_parallel": true,
                                                                    "self": 0.002887763999999571
                                                                }
                                                            }
                                                        },
                                                        "UnityEnvironment.step": {
                                                            "total": 0.032509918999999776,
                                                            "count": 1,
                                                            "is_parallel": true,
                                                            "self": 0.00017501000000041955,
                                                            "children": {
                                                                "UnityEnvironment._generate_step_input": {
                                                                    "total": 0.00040073899999981677,
                                                                    "count": 1,
                                                                    "is_parallel": true,
                                                                    "self": 0.00040073899999981677
                                                                },
                                                                "communicator.exchange": {
                                                                    "total": 0.031384990999999474,
                                                                    "count": 1,
                                                                    "is_parallel": true,
                                                                    "self": 0.031384990999999474
                                                                },
                                                                "steps_from_proto": {
                                                                    "total": 0.0005491790000000663,
                                                                    "count": 2,
                                                                    "is_parallel": true,
                                                                    "self": 0.0003631100000003329,
                                                                    "children": {
                                                                        "_process_vector_observation": {
                                                                            "total": 0.00018606899999973336,
                                                                            "count": 4,
                                                                            "is_parallel": true,