{
    "name": "root",
    "metadata": {
        "timer_format_version": "0.1.0",
        "start_time_seconds": "1621441890",
        "python_version": "3.7.10 (default, May 16 2021, 00:19:22) \n[Clang 10.0.1 (clang-1001.0.46.4)]",
        "command_line_arguments": "/Users/AnnaLin/MachineLearningGame/venv/bin/mlagents-learn results/ppo/PlaySoccer.yaml --force",
        "mlagents_version": "0.22.0",
        "mlagents_envs_version": "0.22.0",
        "communication_protocol_version": "1.2.0",
        "pytorch_version": "1.7.1",
        "numpy_version": "1.18.5",
        "end_time_seconds": "1621442038"
    },
    "total": 147.744161226,
    "count": 1,
    "self": 0.013392235999987179,
    "children": {
        "run_training.setup": {
            "total": 0.014667863000000114,
            "count": 1,
            "self": 0.014667863000000114
        },
        "TrainerController.start_learning": {
            "total": 147.716101127,
            "count": 1,
            "self": 0.28737902799952053,
            "children": {
                "TrainerController._reset_env": {
                    "total": 7.848716725999999,
                    "count": 1,
                    "self": 7.848716725999999
                },
                "TrainerController.advance": {
                    "total": 139.30274520400047,
                    "count": 6206,
                    "self": 0.2633547339998188,
                    "children": {
                        "env_step": {
                            "total": 129.8069145460004,
                            "count": 6206,
                            "self": 100.69585038500048,
                            "children": {
                                "SubprocessEnvManager._take_step": {
                                    "total": 28.990787831000244,
                                    "count": 6206,
                                    "self": 1.0910248480007958,
                                    "children": {
                                        "TorchPolicy.evaluate": {
                                            "total": 27.899762982999448,
                                            "count": 12408,
                                            "self": 2.9221376319994796,
                                            "children": {
                                                "TorchPolicy.sample_actions": {
                                                    "total": 24.97762535099997,
                                                    "count": 12408,
                                                    "self": 24.97762535099997
                                                }
                                            }
                                        }
                                    }
                                },
                                "workers": {
                                    "total": 0.1202763299996743,
                                    "count": 6205,
                                    "self": 0.0,
                                    "children": {
                                        "worker_root": {
                                            "total": 147.03998250899937,
                                            "count": 6205,
                                            "is_parallel": true,
                                            "self": 55.64139811799926,
                                            "children": {
                                                "run_training.setup": {
                                                    "total": 0.0,
                                                    "count": 0,
                                                    "is_parallel": true,
                                                    "self": 0.0,
                                                    "children": {
                                                        "steps_from_proto": {
                                                            "total": 0.006655391999998983,
                                                            "count": 2,
                                                            "is_parallel": true,
                                                            "self": 0.003111348000000902,
                                                            "children": {
                                                                "_process_vector_observation": {
                                                                    "total": 0.003544043999998081,
                                                                    "count": 4,
                                                                    "is_parallel": true,
                                                                    "self": 0.003544043999998081
                                                                }
                                                            }
                                                        },
                                                        "UnityEnvironment.step": {
                                                            "total": 0.0449818190000002,
                                                            "count": 1,
                                                            "is_parallel": true,
                                                            "self": 0.00016803300000134413,
                                                            "children": {
                                                                "UnityEnvironment._generate_step_input": {
                                                                    "total": 0.00037172999999945944,
                                                                    "count": 1,
                                                                    "is_parallel": true,
                                                                    "self": 0.00037172999999945944
                                                                },
                                                                "communicator.exchange": {
                                                                    "total": 0.043735503999998926,
                                                                    "count": 1,
                                                                    "is_parallel": true,
                                                                    "self": 0.043735503999998926
                                                                },
                                                                "steps_from_proto": {
                                                                    "total": 0.000706552000000471,
                                                                    "count": 2,
                                                                    "is_parallel": true,
                                                                    "self": 0.00043909499999905677,
                                                                    "children": {
                                                                        "_process_vector_observation": {
                                                                            "total": 0.00026745700000141426,
                                                                            "count": 4,
                                                                            "is_parallel": true,