{
    "name": "root",
    "gauges": {
        "CubeSoccer.Policy.Entropy.mean": {
            "value": 1.0389317274093628,
            "min": 0.9280987977981567,
            "max": 1.9046095609664917,
            "count": 140
        },
        "CubeSoccer.Environment.EpisodeLength.mean": {
            "value": 15.586776859504132,
            "min": 13.615497076023392,
            "max": 34.54092526690391,
            "count": 140
        },
        "CubeSoccer.Self-play.ELO.mean": {
            "value": 436.9836907437411,
            "min": 251.50028119676105,
            "max": 1122.6262151390938,
            "count": 140
        },
        "CubeSoccer.Policy.ExtrinsicValueEstimate.mean": {
            "value": 0.5208102464675903,
            "min": -0.4560560882091522,
            "max": 10.030844688415527,
            "count": 140
        },
        "CubeSoccer.Environment.CumulativeReward.mean": {
            "value": 0.5632837578792833,
            "min": -0.7121809021722124,
            "max": 0.5649676688783547,
            "count": 140
        },
        "CubeSoccer.Policy.ExtrinsicReward.mean": {
            "value": 0.5632837578792833,
            "min": -0.7121809021722124,
            "max": 0.5649676688783547,
            "count": 140
        },
        "CubeSoccer.IsTraining.mean": {
            "value": 1.0,
            "min": 1.0,
            "max": 1.0,
            "count": 140
        },
        "CubeSoccer.Losses.PolicyLoss.mean": {
            "value": 0.015713292391349873,
            "min": 0.011968786913591127,
            "max": 0.024249414059643943,
            "count": 68
        },
        "CubeSoccer.Losses.ValueLoss.mean": {
            "value": 0.143083094060421,
            "min": 0.13291447460651398,
            "max": 53.71703249613444,
            "count": 68
        },
        "CubeSoccer.Policy.LearningRate.mean": {
            "value": 0.0003,
            "min": 0.0003,
            "max": 0.0003,
            "count": 68
        },
        "CubeSoccer.Policy.Epsilon.mean": {
            "value": 0.20000000000000007,
            "min": 0.20000000000000007,
            "max": 0.20000000000000007,
            "count": 68
        },
        "CubeSoccer.Policy.Beta.mean": {
            "value": 0.005000000000000001,
            "min": 0.005000000000000001,
            "max": 0.005000000000000001,
            "count": 68
        }
    },
    "metadata": {
        "timer_format_version": "0.1.0",
        "start_time_seconds": "1621577208",
        "python_version": "3.7.10 (default, May 16 2021, 00:19:22) \n[Clang 10.0.1 (clang-1001.0.46.4)]",
        "command_line_arguments": "/Users/AnnaLin/MachineLearningGame/venv/bin/mlagents-learn results/ppo/CubeSoccer.yaml --force",
        "mlagents_version": "0.22.0",
        "mlagents_envs_version": "0.22.0",
        "communication_protocol_version": "1.2.0",
        "pytorch_version": "1.7.1",
        "numpy_version": "1.18.5",
        "end_time_seconds": "1621579317"
    },
    "total": 2109.111020477,
    "count": 1,
    "self": 0.008806333999473281,
    "children": {
        "run_training.setup": {
            "total": 0.010982142000000028,
            "count": 1,
            "self": 0.010982142000000028
        },
        "TrainerController.start_learning": {
            "total": 2109.091232001,
            "count": 1,
            "self": 3.2576103899968984,
            "children": {
                "TrainerController._reset_env": {
                    "total": 13.42719099400049,
                    "count": 8,
                    "self": 13.42719099400049
                },
                "TrainerController.advance": {
                    "total": 2092.290943465003,
                    "count": 103654,
                    "self": 3.143477604078271,
                    "children": {
                        "env_step": {
                            "total": 1564.6088860379493,
                            "count": 103654,
                            "self": 1326.0770218779724,
                            "children": {
                                "SubprocessEnvManager._take_step": {
                                    "total": 236.93883179699907,
                                    "count": 103654,
                                    "self": 10.020160591996074,
                                    "children": {
                                        "TorchPolicy.evaluate": {
                                            "total": 226.918671205003,
                                            "count": 112324,
                                            "self": 19.560211862001694,
                                            "children": {
                                                "TorchPolicy.sample_actions": {
                                                    "total": 207.3584593430013,
                                                    "count": 112324,
                                                    "self": 207.3584593430013
                                                }
                                            }
                                        }
                                    }
                                },
                                "workers": {
                                    "total": 1.5930323629778727,
                                    "count": 103653,
                                    "self": 0.0,
                                    "children": {
                                        "worker_root": {
                                            "total": 2104.676244655974,
                                            "count": 103653,
                                            "is_parallel": true,
                                            "self": 954.0213004049244,
                                            "children": {
                                                "run_training.setup": {
                                                    "total": 0.0,
                                                    "count": 0,
                                                    "is_parallel": true,
                                                    "self": 0.0,
                                                    "children": {
                                                        "steps_from_proto": {
                                                            "total": 0.0022784179999995047,
                                                            "count": 2,
                                                            "is_parallel": true,
                                                            "self": 0.0008983149999988171,
                                                            "children": {
                                                                "_process_vector_observation": {
                                                                    "total": 0.0013801030000006875,
                                                                    "count": 4,
                                                                    "is_parallel": true,
                                                                    "self": 0.0013801030000006875
                                                                }
                                                            }
                                                        },
                                                        "UnityEnvironment.step": {
                                                            "total": 0.3111290439999994,
                                                            "count": 1,
                                                            "is_parallel": true,
                                                            "self": 0.0003829780000010885,