{
    "name": "root",
    "metadata": {
        "timer_format_version": "0.1.0",
        "start_time_seconds": "1621527630",
        "python_version": "3.7.10 (default, May 16 2021, 00:19:22) \n[Clang 10.0.1 (clang-1001.0.46.4)]",
        "command_line_arguments": "/Users/AnnaLin/MachineLearningGame/venv/bin/mlagents-learn results/ppo/CubeSoccer.yaml --force",
        "mlagents_version": "0.22.0",
        "mlagents_envs_version": "0.22.0",
        "communication_protocol_version": "1.2.0",
        "pytorch_version": "1.7.1",
        "numpy_version": "1.18.5",
        "end_time_seconds": "1621527651"
    },
    "total": 20.111728244000002,
    "count": 1,
    "self": 0.009523843000000198,
    "children": {
        "run_training.setup": {
            "total": 0.011909138000000041,
            "count": 1,
            "self": 0.011909138000000041
        },
        "TrainerController.start_learning": {
            "total": 20.090295263,
            "count": 1,
            "self": 0.0005449900000051855,
            "children": {
                "TrainerController._reset_env": {
                    "total": 11.721679252,
                    "count": 1,
                    "self": 11.721679252
                },
                "TrainerController.advance": {
                    "total": 8.129217685,
                    "count": 1,
                    "self": 4.9753999999069265e-05,
                    "children": {
                        "env_step": {
                            "total": 8.129167931000001,
                            "count": 1,
                            "self": 8.129132718000001,
                            "children": {
                                "SubprocessEnvManager._take_step": {
                                    "total": 3.521300000031147e-05,
                                    "count": 1,
                                    "self": 3.521300000031147e-05
                                }
                            }
                        }
                    }
                },
                "trainer_threads": {
                    "total": 5.502999997020197e-06,
                    "count": 1,
                    "self": 5.502999997020197e-06
                },
                "TrainerController._save_models": {
                    "total": 0.23884783299999768,
                    "count": 1,
                    "self": 0.001021546999997014,
                    "children": {
                        "RLTrainer._checkpoint": {
                            "total": 0.23782628600000066,
                            "count": 1,
                            "self": 0.23782628600000066
                        }
                    }
                }
            }
        }
    }
}